1,0.023323255174649442,0.12330215407262851,0.09170731707317052,0.09999695304999999
2,0.015902609969115963,6.381965959161586e-05,0.10029535864978932,0.09998796205000005
3,0.01673275483345849,-0.20269947714507613,0.10751760563380354,0.09996785717500001
4,0.017738001914147067,-0.07703469618528831,0.09218487394957962,0.09995069935000002
5,0.01774359676799103,-0.2626724986656874,0.09218487394957961,0.09994475530000001
6,0.01677166822552681,-0.3413819564580917,0.09263999999999979,0.0999386614
7,0.01552804034948349,-0.429913224697113,0.09303999999999978,0.09993241765
8,0.015522979017823263,-0.36649055935834585,0.09383458646616519,0.0999259741
9,0.016051925824987785,-0.40520870633292616,0.092456140350877,0.09991980527500002
10,0.015296877587154027,-0.473279360080919,0.09338709677419335,0.09991386122500001
11,0.015193096743743927,-0.3648679031700384,0.0927049180327867,0.099907717375
12,0.014940934135977711,-0.4038766403992971,0.10071428571428583,0.099899425675
13,0.014674412139608123,-0.32258171884994197,0.09260162601625997,0.09989110900000002
14,0.014541879095429299,-0.22132051324977928,0.10338935574229745,0.09987912100000002
15,0.013457103256857204,-0.18026806269922563,0.09322580645161269,0.09986710802500001
16,0.013037116527557372,-0.1554418060845799,0.10115555555555573,0.09985839174999998
17,0.013875946712990602,-0.25653593598777413,0.09282051282051262,0.0998498503
18,0.013372963216124462,-0.24525517788754791,0.09243697478991578,0.0998439562
19,0.013286395578599368,-0.22149556911871082,0.09237704918032766,0.09983793722500002
20,0.012507887296096393,-0.1610388460738415,0.09363636363636342,0.099831593575
21,0.012776284553932355,-0.1304035648037611,0.10430147058823559,0.099821503675
22,0.012724067492425934,-0.10964013942255646,0.09239669421487584,0.09981168850000001
23,0.012749768785886035,-0.12031835754794523,0.0928099173553717,0.09980564455
24,0.012203298923042085,-0.09485368543646784,0.09299145299145282,0.09979970050000003
25,0.012162743429287096,-0.0681293322024553,0.10101123595505616,0.09979233287500003
26,0.012379260960684604,-0.08606090576450552,0.09252100840336117,0.09978491530000001
27,0.012316956888796308,-0.05658201819219751,0.09299212598425174,0.09977877145
28,0.012333380587209584,-0.05591910710791126,0.09245762711864389,0.09977265257500001
29,0.012090044839668178,-0.0765569131415818,0.09362903225806431,0.099766608625
30,0.011894128670192454,-0.041264400247884685,0.09297520661157005,0.09976048974999999
31,0.011432433893426883,0.001685735888871526,0.09256198347107417,0.09975444580000001
32,0.011766370245236524,0.07096340931685907,0.10134693877551045,0.09974530495000002
33,0.011911083709354661,0.04276854166087984,0.09268907563025192,0.09973621404999998
34,0.011021649540071525,0.12961684906434628,0.09298387096774173,0.09973014512500003
35,0.011040679301864417,0.18209473387331002,0.09356589147286802,0.09972382645000001
36,0.011705317131454954,0.15543824993856564,0.09260504201680651,0.09971763265
37,0.010901702720937984,0.2846290016912722,0.10417857142857175,0.099707667625
38,0.011282810294586752,0.36768490934951437,0.10097222222222237,0.09969528002500004
39,0.011951725124933962,0.3704289404391232,0.09279661016949137,0.09968693837500002
40,0.011122852071257662,0.4038317028648597,0.09280991735537168,0.09968096935
41,0.011171563339746551,0.6228482468436096,0.1075761589403969,0.09965909125000003
42,0.011749303811008022,0.7405613529540244,0.0938095238095236,0.09963708827500002
43,0.011315629519827541,0.3513118744385047,0.09286885245901619,0.099630894475
44,0.011821882517523124,0.45546592847530204,0.09294117647058804,0.09962487550000002
45,0.011202743782500319,0.6351508653904182,0.10554603854389782,0.09961024015000002
46,0.011062067196529602,0.7619907567670062,0.10160919540229914,0.09959205835
47,0.01120564464945346,0.6416248622039954,0.09391666666666647,0.09958254287499999
48,0.011117800071230557,0.82332447808013,0.09264957264957246,0.0995766238
49,0.011670973057334777,0.6590460060397163,0.09304687499999978,0.09957050492500001
50,0.010654993449128413,0.9600266019503275,0.09395348837209283,0.09956408635
51,0.011191382503602654,0.9272101168831189,0.09266666666666647,0.099557867575
52,0.010304286435214628,0.9409277688743721,0.09307692307692289,0.0995519485
53,0.01100022654366288,0.8831500330892648,0.10402173913043518,0.099542133325
54,0.011433786620193767,0.6845090531758846,0.09325396825396805,0.09953209337500002
55,0.011067612323725273,0.6182394326964685,0.09280991735537171,0.09952592455
56,0.00973848446067107,1.186055727429309,0.09237288135593202,0.09951995552500004
57,0.011248674694910761,1.01432602965208,0.09403100775193779,0.0995137867
58,0.010781826506729212,0.7259447346530655,0.10130268199233745,0.09950404645000004
59,0.010501263578507032,1.0719038701254475,0.0940495867768593,0.09949450599999998
60,0.01084229962215719,0.6271486101815333,0.1011965811965814,0.09948563987500003
61,0.010822939616627992,0.8313963490227858,0.09316666666666645,0.09947679872500001
62,0.009943004869321575,1.1108654717930029,0.0935245901639342,0.099470754775
63,0.01005529778170561,1.1305857921434828,0.09330578512396676,0.09946468585000001
64,0.0100858045102618,1.212581852229975,0.09347457627118624,0.09945871682499999
65,0.009594731960257813,1.2987242426191057,0.09285714285714267,0.09945279775000002
66,0.010576295921401609,1.0561977364714183,0.0942857142857141,0.099446678875
67,0.009985903421518942,1.2049284463569725,0.10787671232876778,0.09942894662500001
68,0.010264103249910304,1.02163494319286,0.10177358490566071,0.09940774285000001
69,0.009186750516386294,1.5428904711715574,0.09373983739837376,0.09939805254999999
70,0.009185891905208193,1.6946242289253013,0.1041005291005296,0.099385540075
71,0.009590938352491883,1.5812869620701624,0.10774603174603194,0.09936036527499999
72,0.010286044990572766,1.9155575501099797,0.09404580152671735,0.09934135930000002
73,0.009620754007505034,1.3820384825250496,0.10163498098859348,0.09933151914999999
74,0.010765939903147847,1.4330166188502942,0.10434017595307965,0.09931643425
75,0.01012947399153636,1.4703212736355473,0.10889237199581908,0.0992840167
76,0.010227524380510052,1.623888796567917,0.09316666666666644,0.09925711862499999
77,0.009613008111045929,1.8487882586196065,0.09289062499999978,0.099250924825
78,0.010360400965196434,1.381851135913668,0.10185344827586222,0.099241933825
79,0.0101376910855578,1.4763956345802496,0.09305785123966923,0.09923311765000001
80,0.01077063178571944,1.335768689100559,0.09384615384615366,0.099226848925
81,0.008898646515021976,1.8800470930898292,0.09290598290598272,0.09922068010000003
82,0.010090758657019775,1.690411448983823,0.09330508474576249,0.099214810975
83,0.00959329755228554,1.9401517138521895,0.0935042735042733,0.09920894184999998
84,0.00896895457804203,2.1629448146820067,0.09311999999999979,0.09920289790000002
85,0.009967568584463814,1.796343876348509,0.10458041958041993,0.09919263317500002
86,0.008936188228428364,2.1185443029403688,0.0934399999999998,0.09918236845
87,0.010510686687969914,1.5111131726039781,0.1018518518518519,0.09917385197500003
88,0.008211080727279576,2.3150565399549397,0.10089005235602092,0.09916368715
89,0.009601591763341622,2.061210407919827,0.10482142857142895,0.099150525325
90,0.009468871630573025,2.161390812198321,0.0932499999999998,0.09913913672500002
91,0.009171334238001896,2.2067167917566914,0.09379032258064496,0.099133042825
92,0.009137420094306658,1.9444032972418397,0.1044134078212295,0.09912100487499999
93,0.01132710797188819,1.6601902106084114,0.09330578512396673,0.09910904185000001
94,0.009891795854444706,1.7436842255053981,0.09435483870967722,0.099102922975
95,0.00862260453276715,2.1184146404266357,0.09381355932203372,0.099096879025
96,0.008380161296178138,2.3942422357224324,0.0944274809160303,0.09909066024999999
97,0.009303219534538604,2.2559839945573072,0.10142857142857134,0.099082843075
98,0.008144746872219649,2.5747475332886207,0.10148854961832084,0.09907175417499998
99,0.008156114103967103,2.607194292343269,0.09415254237288113,0.09906226367500003
100,0.007342974827507464,2.901847534820813,0.09386554621848721,0.0990563446
101,0.008502486760595016,2.771750329032777,0.09357142857142837,0.099050225725
102,0.009288687558876256,2.146760106086731,0.0935593220338981,0.09904413182499998
103,0.008231256193539593,2.63097289763391,0.0931249999999998,0.099037987975
104,0.007961566139739461,2.8388926110616546,0.09357723577235752,0.09903171925
105,0.008373505055275001,2.616128608516362,0.10232876712328767,0.09902317779999999
106,0.00809938530254317,2.5261351639830223,0.09393700787401552,0.09901453644999998
107,0.00742067001920077,2.908247275277972,0.09460937499999977,0.09900816782499999
108,0.007251511877760864,2.9252804591105535,0.09415384615384594,0.09900172427500001
109,0.00829198151671638,2.843815249204636,0.09416666666666647,0.09899548052500001
110,0.008802793458393165,2.474950660491127,0.10874999999999971,0.09897510092500003
111,0.011596338140701217,0.8711048651458626,0.09338345864661633,0.09895439665000001
112,0.009182641337004801,1.5758780032396316,0.09424999999999979,0.098948077975
113,0.008484291927839713,2.331513834378076,0.10148148148148142,0.09894036070000001
114,0.010018930038451359,1.7450426986271685,0.10250000000000012,0.09892904702500001
115,0.008230258863358224,2.2400132779215203,0.09418032786885225,0.098919406675
116,0.008549634538987865,2.372195938897263,0.10169398907103819,0.0989117893
117,0.008447033495542185,2.5879281769114093,0.09396694214876013,0.09890419689999999
118,0.008050093181000268,2.730756523195377,0.0949586776859502,0.09889815294999998
119,0.00772723336093372,2.5973118875847487,0.09426229508196701,0.098892084025
120,0.008852520406926198,2.234362220007276,0.09380952380952362,0.098885890225
121,0.008293740716086882,2.5500410843280052,0.10153225806451632,0.09887654957499999
122,0.009297086743320873,2.014309857436951,0.10122340425531912,0.098865660475
123,0.008537779385041373,2.315607636465746,0.1071960784313731,0.09884822792500002
124,0.008164406141750222,2.388821864691306,0.09385826771653523,0.09883231885
125,0.010357412636677355,1.8623735276863516,0.1068144044321334,0.09882013105000002
126,0.011410495368014464,1.1634508761009952,0.10168582375478953,0.09880459660000002
127,0.010703315169950578,1.1716926683695308,0.10158844765342996,0.09879116005000001
128,0.01175517774043748,1.5135005228794538,0.09453846153846132,0.09878099522500002
129,0.010099271479784773,1.1324380473809297,0.10219101123595495,0.098773302925
130,0.009213577156576018,2.3659232477347056,0.09424999999999975,0.09876586037499999
131,0.00923362641041269,2.0830385854644495,0.10839416058394226,0.09874917707500001
132,0.010079431801759561,1.9983786149103133,0.09426229508196703,0.09873244382499999
133,0.00779738412797451,2.5799460067749025,0.09391999999999981,0.09872627499999999
134,0.008679258817106981,2.343019854415886,0.10714285714285775,0.09871039090000003
135,0.009217115958799022,2.51778893062362,0.10171296296296306,0.09869223407500002
136,0.009967911619693041,2.1818289532661437,0.0942399999999998,0.09868371760000001
137,0.008659420207550284,1.7317902836948633,0.09398437499999979,0.098677398925
138,0.01246950195281435,1.650988336841939,0.09338983050847442,0.09867125507500003
139,0.009819204645945613,1.6348591101797003,0.10233082706766942,0.098661664675
140,0.00909840062792812,1.9120640664541422,0.0942857142857141,0.0986520493
141,0.008710671627341071,2.268153262324631,0.10191406250000028,0.098642683675
142,0.009328971339092284,1.6223237970296074,0.09310924369747879,0.09863331805000002
143,0.008693339385374218,2.2691280587550695,0.1060779816513767,0.098619456925
144,0.009677563957567956,2.0174842170766882,0.10205405405405403,0.09860394745000002
145,0.009642038282006979,1.6404226474761963,0.09415999999999981,0.0985962052
146,0.008030036535608222,2.4961852717156314,0.10204081632653055,0.098588188225
147,0.008773056419469169,2.1311985079146107,0.1022748815165877,0.0985780234
148,0.008561940374420374,2.6373765465104952,0.10734375000000057,0.09855996647500002
149,0.009817815900239493,1.9792974687391711,0.0941129032258062,0.09854408237500001
150,0.009640539646693242,1.9560558148396767,0.10448504983388739,0.098533468
151,0.007084719537912557,2.6830928961435956,0.09416666666666647,0.09852295352500003
152,0.008468541057537431,2.7053813374560813,0.09313043478260848,0.0985170844
153,0.008517232261539444,2.6052154818857747,0.09425196850393676,0.09851104045
154,0.008046740462549594,2.7930263771730313,0.0935294117647057,0.09850489659999999
155,0.008022012751098373,2.853323825635016,0.09445312499999979,0.098498727775
156,0.009298162468864273,2.1598531117041904,0.09366666666666647,0.098492533975
157,0.008707603897588949,2.3600347807010014,0.09349999999999983,0.098486539975
158,0.006912959003899277,2.78464973674101,0.09436974789915945,0.09848057095000003
159,0.008516947286746774,2.8548829237620037,0.09374999999999976,0.09847460192500002
160,0.008599661922269214,2.51982065076234,0.10704152249135006,0.09845716937500001
161,0.007457534421700984,2.885056534409523,0.09341666666666647,0.09843973682500004
162,0.00809652585451146,2.825938641117309,0.10086294416243669,0.09843181975000001
163,0.00819871615681608,2.7583637641648115,0.09271186440677948,0.09842395262500002
164,0.009104949723929166,2.28456796169281,0.09383999999999978,0.0984178837
165,0.007514348291174396,3.0442743825574294,0.10677304964539071,0.09840067592500001
166,0.011291317229510331,2.8499853948100666,0.09418032786885226,0.09838354307499998
167,0.011502892294452643,0.952394714028063,0.10430985915493,0.09837163000000003
168,0.008991862714339422,2.04668496607693,0.10144104803493467,0.09835704460000001
169,0.008291836512884251,2.728326037414092,0.09413533834586445,0.09834800365
170,0.008471635628722666,2.765557344569716,0.09403100775193776,0.0983414602
171,0.009365404985146597,2.2098460802808404,0.0939843749999998,0.09833504162500001
172,0.009023466189815239,2.4370070752070006,0.10518518518518544,0.09832442725000001
173,0.008069415715282911,2.9326610115339173,0.10821383647798678,0.09829715455000002
174,0.008020144750977435,2.8747841691583154,0.09390243902439005,0.0982742275
175,0.00880654864376048,2.60467663149297,0.10818181818181868,0.098259617125
176,0.00834549160242199,2.783249491728799,0.10708092485549126,0.09823079597500001
177,0.008081926669478974,3.1101930668291526,0.10558052434456945,0.09820684495
178,0.007496990681331801,3.2498799361680684,0.10073684210526318,0.09819543137500002
179,0.010421746001472332,2.1548627406028804,0.10553505535055362,0.0981839179
180,0.007987322968448389,2.7733391307434947,0.10226415094339651,0.09817053130000002
181,0.00723224614625721,3.444267364052253,0.09382113821138191,0.098160841
182,0.008024505381577444,3.304068626317763,0.09398496240601482,0.09815444740000002
183,0.008698434778160152,2.748146683398823,0.11062344139650694,0.09812108079999998
184,0.008422802674209922,2.7376777405612978,0.10425219941349019,0.09808251939999998
185,0.008459352559719706,3.096175819117733,0.10893300248138883,0.098053873075
186,0.00944430221404348,3.019284607983437,0.09294117647058801,0.0980307712
187,0.007907330017206409,2.7208747440768826,0.09330645161290305,0.098024702275
188,0.008703630389879013,2.971190570042875,0.1057828810020882,0.09800964235000001
189,0.007742813792079687,3.1345033473968504,0.09383999999999981,0.09799455745
190,0.008287967959450198,3.202186835914099,0.09462184873949561,0.09798846355
191,0.008436162620045406,3.0377696962648884,0.10957854406130221,0.0979659361
192,0.00779596794662731,3.3283517996470136,0.10152380952380957,0.097941135925
193,0.007649130973732099,3.1288066282868385,0.09390624999999979,0.097932694375
194,0.007373225885148869,3.6505626796657205,0.09350427350427334,0.09792657550000002
195,0.007817694465770866,3.141061641953208,0.09469696969696949,0.097920356725
196,0.007537086317703749,3.2453482886155447,0.09508333333333314,0.097914063025
197,0.007856882975844682,3.3204198612654503,0.09338842975206592,0.09790804405
198,0.00686843103018695,3.7891866595474717,0.1052577319587631,0.09789775434999999
199,0.008558364790324758,3.1000098646157253,0.10964066608238204,0.09786199015000002
200,0.007406969955817116,3.3414154954317237,0.09487394957983172,0.09783052164999999
201,0.009674020044474025,2.5167191190234686,0.09288135593220317,0.09782460257500002
202,0.0074816641981823966,3.432853005700192,0.09372881355932186,0.09781870847500003
203,0.0073164359994854974,3.589100208747138,0.10642691415313271,0.0978049972
204,0.00764720287730976,3.6104289789754023,0.10450363196125953,0.09778391830000002
205,0.008488155671123026,3.1877007153060033,0.10158844765342988,0.09776668555000001
206,0.00845211615005845,3.617007610542748,0.10509225092250953,0.09775299925000001
207,0.011186341825528304,1.286557099899324,0.09403361344537792,0.09774325900000001
208,0.0078382515197957,3.0679287561054887,0.10185344827586221,0.09773449277500001
209,0.007298834836091349,3.6771115468512816,0.10583162217659192,0.09771653574999999
210,0.0076155199782592985,3.7901498081432474,0.10740608228980378,0.09769041190000001
211,0.008034705471571809,3.4638115206141444,0.10732495511669712,0.0976625398
212,0.0072722116327088955,3.892357698026693,0.1101061320754707,0.097627449925
213,0.008107116833313933,3.783189363166934,0.09336065573770469,0.09760322417500003
214,0.006782807570804531,4.007028557856878,0.09383333333333314,0.09759718022500001
215,0.006730700802290812,4.373814602692922,0.09433333333333314,0.097591186225
216,0.006930471009885271,4.346495769421259,0.09491666666666647,0.09758519222499999
217,0.007653274165677907,4.027819883354887,0.10209606986899575,0.09757647595000002
218,0.007533263639576165,4.09837144265795,0.1021524663677131,0.09756518725
219,0.007129176899346999,3.985273900076887,0.10507836990595641,0.09755165079999999
220,0.007153521738796224,4.063168669900587,0.09548387096774173,0.097540586875
221,0.006927248025618372,3.919229341334984,0.09491803278688507,0.097534443025
222,0.007155147404605601,3.787064951007106,0.09386554621848718,0.09752842404999998
1,0.0035513138508475903,7.197865300708347,0.09717948717948702,0.09749960290000002
2,0.010652101039191458,1.1873414756646796,0.09828358208955205,0.097493334175
3,0.008408059540670365,1.7362559934457142,0.09674999999999986,0.097486990525
4,0.003848307863504002,4.935784728203005,0.1085194174757285,0.09747370382500001
5,0.005512335280570941,5.651618838064449,0.11020618556701058,0.09745130125000001
6,0.009206031487111499,3.8981432919850167,0.10929899856938458,0.09742173085
7,0.005919417451285032,5.860421666343787,0.10773480662983455,0.09739071190000001
8,0.005745726136060862,6.048218148386376,0.09478632478632469,0.09737422840000001
9,0.005201851363065389,6.225233527849305,0.10941509433962292,0.09735806957500003
10,0.012287807898294709,2.627847167918391,0.10617161716171652,0.0973372654
11,0.00791420899481783,4.133392647389443,0.09548387096774175,0.09732660107499998
12,0.006097824191520653,5.044029539281672,0.0952066115702478,0.09732048219999999
13,0.014490304622226037,3.1941749402600474,0.09444444444444429,0.09731453814999999
14,0.012630412417153517,0.9382094278931618,0.09324999999999986,0.09730861907500002
15,0.011463672479950502,1.218623333289975,0.09532786885245889,0.09730257512500001
16,0.009682266267516943,1.9735830568555575,0.097462686567164,0.097296181525
17,0.009592119913517695,2.7082862990801453,0.0958196721311474,0.097289787925
18,0.0069478762672603635,3.554144077942151,0.09529411764705872,0.09728376895000002
19,0.006362520940860527,4.378095462090439,0.10708333333333349,0.09727360412500001
20,0.0057606315186836616,5.29833754076474,0.11257246376811508,0.09724573202500002
21,0.005363445360744966,6.080016474314344,0.1070083102493076,0.09721603675000004
22,0.005581283507773937,6.038070565563137,0.09508474576271175,0.097204073725
23,0.00516736180191026,6.271480680345656,0.10872377622377657,0.09718684097500001
24,0.005763000515563523,6.234203241853153,0.10673529411764739,0.09716406377500002
25,0.011833888469791075,2.746498181994231,0.10823113207547196,0.097144982875
26,0.008966946522954083,2.8757264677804844,0.09664122137404567,0.09713112175
27,0.007037533916114957,4.919820463792845,0.10704545454545468,0.09711905882500002
28,0.006054152790339617,5.617577246257237,0.1098109243697482,0.09709837952500003
29,0.005782217655448892,5.899658854730529,0.10352941176470591,0.09708097195000003
30,0.005877581885778108,5.769650685536611,0.10639639639639663,0.0970671358
31,0.006255414933001245,5.588797368501362,0.10447368421052641,0.09705217577499999
32,0.006373353338736844,5.9803818367623,0.11163449163449102,0.09702612685
33,0.01323845529606895,1.861201986631177,0.10746701846965713,0.09699725575000001
34,0.011421176015884958,1.4443852269751394,0.09547008547008537,0.09698486815000003
35,0.010736036216258071,1.6023415923118591,0.09710937499999986,0.09697874927500001
36,0.010242628436671557,1.9248942693654638,0.1044890510948906,0.09696870932500001
37,0.008780417195868804,3.411331932936142,0.11156716417910387,0.096941786275
38,0.00931927429822584,4.898057283499302,0.09649572649572637,0.0969187843
39,0.008709112181830774,4.867709077304679,0.11036832412523032,0.0969023008
40,0.009078921572058406,3.55983363468963,0.10756024096385555,0.09688044767500001
41,0.006563474688863487,5.326887061011116,0.10344339622641513,0.09686686127500001
42,0.006871474994113669,5.715218465450483,0.1117051282051274,0.096842086075
43,0.009459508876427785,4.401089360078652,0.10974550898203582,0.096805922275
44,0.009968568910230962,2.1247042491454486,0.09519379844961223,0.0967860172
45,0.009475809129071422,2.609356250613928,0.10991477272727282,0.096774004225
46,0.00920096764114363,3.1277163545441717,0.1044106463878328,0.09675864460000001
47,0.008626683840468045,3.32120023235198,0.09774193548387082,0.096748979275
48,0.008640371051557157,3.599809560207052,0.10298165137614688,0.09674043782500003
49,0.008562548145634162,3.877655100483465,0.10393364928909962,0.09672972355000002
50,0.008141469290914168,4.050966599830111,0.09736842105263142,0.09672113215000001
51,0.009115985097984473,3.862698725859324,0.09741666666666648,0.09671481347500002
52,0.00834570122230002,3.966142852082212,0.09726495726495711,0.09670889440000004
53,0.0080465315790107,4.162132490497746,0.11043835616438359,0.09669685645000002
54,0.007880669112617526,4.182980975166696,0.10360655737704914,0.09668317015000001
55,0.007826733499920616,4.235094835360845,0.09799999999999986,0.09667560272500002
56,0.00878808573846252,4.283250851446645,0.11042769857433829,0.09666034300000001
57,0.007701859437739713,4.243662018187439,0.11034810126582259,0.096632296075
58,0.007490550473081965,4.537992200931581,0.09789915966386538,0.09661353985000001
59,0.007270369368294875,4.600740786393484,0.09633333333333316,0.096607570825
60,0.010044647877941192,4.332057457859233,0.09686440677966086,0.096601626775
61,0.007794712311298453,4.3919431680190755,0.11095513748190984,0.096581422
62,0.007301874862760942,4.526744125235794,0.09555555555555537,0.0965612422
63,0.012067387259860592,3.648694055836375,0.10443902439024386,0.09655320025000001
64,0.008633126165078516,3.812742465400066,0.10996699669967008,0.09653294552500001
65,0.008475206857838202,3.8255948442965746,0.09734374999999981,0.09651461387499999
66,0.007651621919048421,4.1653692273918645,0.10426605504587151,0.09650597252500001
67,0.008108601394943956,4.434526933712906,0.1112640449438198,0.096482745775
68,0.008558202301346567,4.045015695728833,0.11107594936708855,0.096449179375
69,0.008134565449604243,4.250545757086207,0.10380753138075322,0.09642742615000004
70,0.007025693685647623,4.527405128006108,0.09793388429752048,0.09641843514999998
71,0.00842351435503664,4.3663992961915605,0.09647058823529396,0.09641244114999999
72,0.007773718761260776,4.6303908452391624,0.10895833333333348,0.09639748112499999
73,0.008880368364043534,4.173332642425191,0.10468181818181815,0.09637999862499998
74,0.0071169278995698165,4.497365680054156,0.10452554744525558,0.09636766097499999
75,0.006777030773489194,4.898254059113477,0.10501901140684412,0.09635424940000002
76,0.008349284186165352,4.694619280393006,0.10508196721311461,0.09634311055000003
77,0.007170527014410594,4.646831695850079,0.1045604395604394,0.09633399467500002
78,0.008241609776497728,4.5020393698446215,0.11027419354838704,0.096313964725
79,0.00845250013557016,4.357638489996266,0.1085256410256412,0.09628679192499999
80,0.007806005405245332,4.473815280037957,0.10797297297297323,0.09626401472500001
81,0.00816493575287059,4.664292792963788,0.09764227642276405,0.0962498539
82,0.007552171693410443,4.599385766422047,0.09697478991596621,0.09624380995000001
83,0.00717804082471164,4.749700134358507,0.1052765957446808,0.09623496880000001
84,0.007942360191185388,4.478244466166342,0.09830645161290305,0.096226002775
85,0.0075040770036774495,4.51479823248727,0.09825396825396808,0.096219759025
86,0.0071050161053857735,4.664370254234031,0.1053703703703702,0.09621121757500001
87,0.0076682109755046406,4.752199458664861,0.10962068965517266,0.09619133747500001
88,0.007100856634788215,4.929262534921819,0.11100000000000027,0.09616311572500003
89,0.007613352503616112,4.865889196454382,0.11155828220858824,0.09612902485000001
90,0.006963918042507627,4.990495002591932,0.11224324324324267,0.09609018872500001
91,0.007568685877930913,4.9101298247859875,0.1070515970515972,0.09606154240000005
92,0.006679978373890312,5.199588441848755,0.09761538461538444,0.09604813082500001
93,0.006992232249537417,5.247862154068833,0.11248236953455515,0.09602717679999999
94,0.007244233136746662,5.163222802149785,0.111428571428571,0.09599216185000004
95,0.007145279044142136,5.406674759204571,0.09723076923076902,0.09597160742500001
96,0.009529438844468559,4.6723719640653965,0.10862244897959206,0.095958570475
97,0.0070322296360036595,4.828209159017979,0.10971264367816051,0.09593139767500002
98,0.008416442429865655,4.853205512087029,0.11046686746987938,0.09589743167500002
99,0.00739012648989273,5.080809914280145,0.10773638968481378,0.09587213200000001
100,0.0071165304044134,4.986366453562697,0.10794520547945204,0.09585429984999998
101,0.005966218925998298,5.323858221068637,0.09725190839694636,0.09584191225000001
102,0.008314769409362197,4.777048607667287,0.11060975609756114,0.095826352825
103,0.013060501699666839,1.7021200193846522,0.09661157024793371,0.09581104315
104,0.009338529557524266,3.6318648624996404,0.10779456193353476,0.09579975445000001
105,0.008576379040088055,4.303839977740741,0.1109863588667355,0.09576768654999998
106,0.008014530620466058,4.3464728557146515,0.09561538461538442,0.09574063862500001
107,0.006920168623669531,4.940146868141534,0.1038743455497381,0.09573262165000002
108,0.0075772732373496346,5.058298384059559,0.10949090909090935,0.09571411517500002
109,0.007107183446661912,5.23712830665784,0.09760683760683746,0.09569745685
110,0.0070442438547007255,5.164391265622563,0.10482889733840298,0.09568796635
111,0.008119042004527878,4.843203294375711,0.09685950413223128,0.09567837595
112,0.0068488968790379684,5.344752287794355,0.10766961651917414,0.09566688745000004
113,0.010076235281591682,4.042533737303007,0.11124999999999936,0.095638241125
114,0.008294492120299726,4.354124515614611,0.10430851063829785,0.09561336602500001
115,0.009266460379876662,4.081350740045309,0.1041666666666665,0.09560387552499999
116,0.007279175469728501,5.040384995509903,0.1101062416998667,0.09558027414999999
117,0.007293378884705853,5.168469914949562,0.11004016064257051,0.09554903042500001
118,0.007489395571890502,5.187783613571754,0.11113461538461405,0.09551061887500001
119,0.007284169508652253,5.184237413169924,0.09743801652892545,0.0954816229
120,0.006319291391021883,5.737812487284343,0.09791666666666651,0.09547560392499999
121,0.006458199745975435,5.769424414634704,0.09674999999999982,0.095469609925
122,0.007823377029236519,4.865440207642394,0.10359307359307354,0.09546084369999998
123,0.007454723061016566,5.245943715367041,0.1118541300527225,0.095426652925
124,0.007126768649720913,5.2597331794408655,0.11194444444444351,0.095374854775
125,0.007014454385833972,5.58968324580435,0.09779661016949139,0.09534853112500001
126,0.008330275213175089,5.071453172855311,0.11086505190311428,0.09533114852499999
127,0.008026216721506736,4.610704456450622,0.10684971098265918,0.095308071625
128,0.006937639134805589,5.0169959192555575,0.10807817589576556,0.09529176294999998
129,0.0071742715418119645,5.314226278417251,0.1094352941176472,0.09527348125000001
130,0.007017868694084747,5.317143491796545,0.11021959459459457,0.09524808167500001
131,0.00691470149981529,5.483744310105548,0.11003676470588254,0.09521971007499998
132,0.006584174698489752,5.725810046523497,0.11138533178114017,0.09518467015
133,0.007040155880514123,5.651013992619856,0.10880382775119633,0.095152777075
134,0.00691994391072771,5.842625373912648,0.10646919431279644,0.09513179807499997
135,0.007164289326124238,5.763420643192707,0.11085808580858086,0.09510612377500001
136,0.0062491193125655846,5.514082326727398,0.09728813559322022,0.095088041875
137,0.011701555814462031,5.133895866514191,0.09700787401574787,0.09508192300000001
138,0.006729170658074739,5.4464573954192685,0.11025352112676017,0.09506101892500002
139,0.006962458648084968,5.6624563321345995,0.09756302521008388,0.09504031464999999
140,0.00735256742379103,5.459526769178942,0.11024232633279485,0.09502188309999998
141,0.008059207915629477,5.690460845677539,0.10449494949494934,0.095001478525
142,0.007125790671460212,5.315373251930116,0.11119047619047605,0.094980799225
143,0.006134886398735478,6.054052033011369,0.10968503937007852,0.09494920585000001
144,0.006303195946653031,6.2405437025676616,0.110941385435169,0.0949192858
145,0.007923427515104412,5.675614198303222,0.10902399999999984,0.09488961550000002
146,0.006793214771142789,6.012927880797623,0.10665796344647542,0.0948644407
147,0.006265390380971538,5.722277874170348,0.09620155038759676,0.09485165350000001
148,0.007049658152015031,5.885657996006834,0.10827664399092994,0.09483741774999999
149,0.00623616761853134,6.06830136589763,0.11151607963246549,0.0948100951
150,0.00707425098851185,6.235771338335065,0.11151913875597994,0.09477290732500002
151,0.0070159272966152835,5.92871485047668,0.10914122137404612,0.094738941325
152,0.0061959158664816345,6.118803703866037,0.10920068027210895,0.094711169125
153,0.0060844110697507855,6.2986860892351935,0.10924705882352953,0.09468586945
154,0.005949251510202884,6.426609409332276,0.09559999999999988,0.09467213320000002
155,0.005787735846901282,6.545948289131206,0.10557377049180362,0.09465987047500002
156,0.006192496550254157,6.572549526808692,0.0955737704918031,0.094647682675
157,0.007726571485007375,5.934511649797168,0.10966608084358545,0.09463042495000001
158,0.005845322017468023,6.3200067921494885,0.10791505791505798,0.09460974565
159,0.010976484909048703,5.872536113119533,0.0938461538461537,0.09460035505
160,0.007958434071365952,5.806846996810701,0.11202777777777749,0.09457945097499999
161,0.007032169965274733,5.8200847882224265,0.11310488058151508,0.09453741804999999
162,0.0063932015014792325,5.858281143250004,0.10370967741935498,0.09450872177500003
163,0.007663759832850478,5.881537332869413,0.10385964912280711,0.094498382125
164,0.006398757507579516,6.006214314857416,0.10420353982300908,0.094487043475
165,0.007007673848136442,6.098492089713492,0.11117073170731627,0.094460919625
166,0.006594206864014268,5.980645351409912,0.0957599999999999,0.09443731825
167,0.009153324474436156,6.0235901643885645,0.10347593582887708,0.09442952604999998
168,0.006976103528387963,5.653694114230928,0.1099523809523807,0.09440912147500002
169,0.006551148264943699,5.990734526368438,0.0951639344262294,0.09439034027500001
170,0.0062191413117092175,6.164440500508448,0.11046178343949024,0.09437160902500001
171,0.006096448297484152,6.552351793449125,0.11155193992490528,0.09433596970000001
172,0.0058730561090704365,6.722254405494865,0.10316793893129797,0.09430947122500002
173,0.006900113135012503,6.549726909411222,0.10979550102249516,0.094290715
174,0.0058788780949634405,6.432020250216935,0.09643410852713163,0.09427528045000001
175,0.006785227584296325,6.356679052314503,0.10836689038031354,0.09426089485000001
176,0.006348137937199611,6.300504504717313,0.11078461538461518,0.09423349727500001
177,0.006120691640382192,6.45760441296979,0.10667763157894758,0.094209671125
178,0.00658626319075239,6.616141479920576,0.10914438502673826,0.09418806775
179,0.005558041147117715,6.781014517536313,0.10795275590551213,0.094161369475
180,0.006866547750725403,6.83356597703644,0.10722063037249306,0.09413996589999998
181,0.006845144743240008,6.43329967529543,0.10827956989247342,0.09411963625000001
182,0.00823433444990466,6.466229875882466,0.09549999999999989,0.09410502587500001
183,0.0062098579292670505,6.310927264946551,0.09487603305785114,0.0940990069
184,0.005582470741958344,6.707055708271774,0.11037688442210981,0.094076104825
185,0.005484078380679285,7.1207316597775,0.11052631578947378,0.09404151445
186,0.005939714473959826,7.245754633230321,0.10691176470588258,0.09401831267500002
187,0.005762740780750231,7.1431560102408636,0.10851419031719545,0.09399486115000001
188,0.006277056793757638,6.904390898303709,0.11120772946859812,0.09395922182500001
189,0.006221797365525907,6.869015535296816,0.11152727272727188,0.09391793815
190,0.005800520781211663,7.178194984491321,0.10913043478260898,0.09388871739999997
191,0.00666706244410745,6.866340963524508,0.10701204819277124,0.09386973639999997
192,0.0053339242222327785,7.124316918255463,0.11195538057742715,0.09384034082500001
193,0.005199832131485912,7.393989856532543,0.106098265895954,0.093812668525
194,0.005060773689282624,7.614737350155007,0.11139204545454495,0.093786444775
195,0.005488982834124371,7.583772488733525,0.10962450592885406,0.093756225025
196,0.005116640670948531,7.652082435355699,0.09537190082644616,0.09374056570000003
197,0.005169883544834083,7.683538987798598,0.10737864077669919,0.09372982645000001
198,0.005746543493104291,7.595134069334786,0.10418867924528322,0.09371549080000001
199,0.0073510339360385165,7.066257306138244,0.108546637744035,0.09369735895
200,0.0055346448757441005,7.0110100681254455,0.10969754253308155,0.09367263369999998
201,0.005168589221716116,7.267181725825294,0.10343220338983067,0.09365352782499999
202,0.00576943081571149,7.074435948220065,0.11041731066460546,0.09363147490000001
203,0.0057151724859381674,7.116901227340844,0.11304597701149308,0.09358924217500002
204,0.007568041668419304,6.558520554138994,0.11176470588235152,0.093536844625
205,0.005503393169159868,6.836268889002439,0.11320168067226773,0.09348080072500002
206,0.008532820840400746,6.576754522509873,0.10937500000000036,0.093438293275
207,0.005841935096654079,6.3988997590157295,0.09516129032258053,0.09342240917500001
208,0.005646935524210133,6.570167757470512,0.1038565022421526,0.09341374285000001
209,0.006378686233602712,6.641932831671005,0.11213748657357561,0.09338492170000003
210,0.007824844757695336,6.616788032626317,0.09586776859504115,0.093358648
211,0.006302157233728737,6.432853675279461,0.09483606557377032,0.09335257907500001
212,0.00692657296413805,6.381934920633872,0.09527559055118094,0.0933463603
213,0.005711274220274114,6.436449097550434,0.10347826086956521,0.093338593075
214,0.009378562372716127,6.082802735337424,0.10311926605504602,0.09332855312500002
215,0.0072517447285354135,6.122684646606445,0.09527999999999989,0.09331998669999998
216,0.006320972786307438,6.533455762195259,0.11090700344431584,0.09329511160000001
217,0.0076218338674932185,6.508247426577976,0.11228896103896102,0.093257973775
218,0.007467643456609063,5.9639846402245595,0.1071081081081082,0.09323334842500001
219,0.00850668999278902,6.104051284300975,0.09487179487179476,0.09322118559999999
220,0.007230332808799914,6.073321737794795,0.10397435897435907,0.09321241937500002
221,0.006486103147168089,6.224053603184374,0.11061708860759475,0.09319079102500001
222,0.00700109725255018,6.264645328398076,0.11053484602917327,0.09315959725
223,0.005680601980026451,6.525938664713213,0.09548387096774177,0.093141090775
224,0.006173993795374899,6.694048981461228,0.11305263157894618,0.093111895
225,0.006248053165152669,6.82675218963623,0.09551999999999984,0.09308267425
226,0.006477324748949976,6.828352635829293,0.10331658291457294,0.09307458235
227,0.005990232547995768,6.868619911305539,0.11204954954954843,0.093047434525
228,0.004822914001062257,7.007190072638357,0.0952136752136751,0.09302233465
229,0.006492722229980015,7.24147910508104,0.10873801916932915,0.093003778225
230,0.00632011847762153,6.80281686503331,0.11339976553341057,0.09296684020000003
231,0.006536642530286337,6.978993248146818,0.11205882352941095,0.09292600607500001
232,0.006319144772774331,6.75903685603823,0.10951530612244927,0.092896685425
233,0.006454712097579038,6.695899794621723,0.11051440329218126,0.092874757375
234,0.0054409710129090984,7.083307239555177,0.11248809523809444,0.09284164052500002
235,0.005453441058285534,7.199431247711182,0.09631999999999989,0.09281753965000002
236,0.0058986524919928006,7.305757428527972,0.10435779816513761,0.092808973225
237,0.007563517019603281,7.171438294072305,0.107562724014337,0.09279656065
238,0.007026943193076703,6.312572973986056,0.11167573449401424,0.0927666406
239,0.0063679419067974195,7.083795895330087,0.10729483282674782,0.09273547180000001
240,0.0087860575933918,7.121211230270261,0.09634146341463398,0.09272418310000001
241,0.006602228704529504,6.839245397394354,0.10727272727272738,0.09271286942500001
242,0.0063864934634274015,6.71870722648425,0.11104273504273522,0.0926900173
243,0.005280446531525743,7.185423180563133,0.11012345679012274,0.09265720015000004
244,0.00565265911684705,7.387385053955113,0.11198146002317394,0.09261743994999999
245,0.005454801509929601,7.594478500736069,0.11092446448703418,0.0925737337
246,0.004358656681142747,7.52931078338623,0.09719999999999984,0.09254845900000001
247,0.0058389928545457895,7.645754688561208,0.10382716049382719,0.09253926820000001
248,0.005139200108411994,7.62696943928798,0.10416666666666656,0.092528404075
249,0.005576346699628189,7.657000355287032,0.10787878787878799,0.09251536712500001
250,0.0050863533171109305,7.642623381181196,0.09735537190082631,0.09250410340000004
251,0.006277512492087603,7.373525344039666,0.11180987202925058,0.0924874201
252,0.005613480122949804,7.415038791817396,0.11117750439367331,0.092459548
253,0.0048510032628352445,7.613652009230393,0.10497435897435889,0.09244046710000002
254,0.005928955116838028,7.183991009906187,0.11163841807909554,0.09241791467499999
255,0.005252322211941913,7.637709382740546,0.11146679881070247,0.0923750326
256,0.007512906143414857,7.3637289961507495,0.10541322314049589,0.09234378887500001
257,0.005091681731507627,7.237754432992502,0.10792613636363645,0.09232895372500001
258,0.005301312301078903,7.267083668317951,0.09745901639344244,0.09231711557500002
259,0.005558972158084285,7.257977833969272,0.11113250283125609,0.09229201570000001
260,0.005605359198243329,7.3797865549723305,0.1128121212121204,0.09224935840000001
261,0.005336811485402032,7.627232516644558,0.10960817717206148,0.09221409369999999
262,0.005448665612301586,7.751004020574734,0.10477157360406075,0.0921945133
263,0.0053332098978118294,7.685305521973467,0.11180530973451343,0.09217548235
264,0.005375027096474088,7.776368798638269,0.11343778801843188,0.09213427360000001
265,0.004924605540873017,7.6912338209152225,0.1099000000000001,0.092097185725
266,0.006771209469393323,7.568115128845465,0.09803278688524573,0.09208414877499999
267,0.005488576234021257,7.393687419507695,0.10758620689655175,0.092072410525
268,0.005190063803456724,7.65128653049469,0.09624999999999982,0.092060722225
269,0.0051255028204090225,7.7339858180625285,0.1122437971952524,0.09203457340000001
270,0.005408061981209716,7.775340083177666,0.10804281345565751,0.09200325475
271,0.005717591329049619,7.58703564828442,0.09685483870967726,0.09199199102500001
272,0.006938203832336558,7.4849049660467335,0.1094444444444447,0.09197495807500002
273,0.006578751319898879,7.023417177733841,0.10825174825174826,0.091953879175
274,0.0065592146174122505,6.763176276133611,0.09761538461538441,0.09194348957500001
275,0.004765944828407145,7.2878581458447025,0.10905882352941186,0.091927505575
276,0.005356743782798176,7.477574637380697,0.10432203389830519,0.091908874225
277,0.005514615901913016,7.640508567893898,0.10981684981685004,0.091889343775
278,0.004993996882655968,7.769397649129232,0.11211999999999936,0.091856976175
279,0.005327649776536341,7.867313434524862,0.11045519203413903,0.09182068750000001
280,0.004581457948969568,7.972950626822079,0.09697478991596623,0.09180015805000002
281,0.005616785568337137,7.969857850008541,0.10749999999999998,0.09178999322500002
282,0.006366874872793324,7.634663080808668,0.11106911447084125,0.09175967357500002
283,0.004695338986524451,7.213461976091401,0.09647058823529399,0.0917335747
284,0.005828617117033278,7.467050300680328,0.11086175942549403,0.09171669160000001
285,0.0045859875651076435,7.534053810119629,0.09687999999999984,0.09169965865
286,0.003855006755603587,7.742240156446185,0.09571428571428557,0.09169356475
287,0.0044469894282883615,7.875967238098383,0.09734374999999984,0.09168739592500001
288,0.005690617487275493,7.734180962949088,0.11275568181818055,0.091657825525
289,0.004862627024689997,7.91322070186578,0.10861650485436918,0.09162116222499997
290,0.005055964598084675,7.858081628315484,0.10680597014925398,0.09160250589999999
291,0.005724985797542608,7.674253692119454,0.1107760532150778,0.09158287555
292,0.005567294172874955,7.468649132307186,0.10738372093023278,0.091563020425
293,0.005499684534438887,7.570455064277184,0.11170542635658828,0.09153187660000002
294,0.0049251598703595025,7.787212001198682,0.11234338747099672,0.09148779572500002
295,0.007939729244393595,7.558623798901994,0.10885085574572145,0.09145605250000001
296,0.005842580747417822,7.2493922750336575,0.11193302891933013,0.09142942914999999
297,0.006496645931835372,7.199853953193216,0.0951260504201679,0.09141004854999998
298,0.005852268153515564,7.264887239050678,0.09692913385826757,0.09140390470000001
299,0.0057820496227534764,7.46587463818531,0.11018148820326697,0.09138697165
300,0.008896678244536983,6.685385376764839,0.1068634686346865,0.09136644220000001
301,0.006230317943684784,6.742152861563482,0.10778597785977874,0.09135290574999999
302,0.005061940669726867,6.76973206446721,0.09707692307692291,0.091342890775
303,0.006128952226034649,6.930192768573761,0.10342391304347828,0.09133504862499998
304,0.0056126402006835665,7.19097375869751,0.11013888888888915,0.09131786582500002
305,0.005329732848100626,7.425931670053375,0.1122294654498038,0.09128612259999999
306,0.006810221898341023,6.948458217116943,0.11201965065502104,0.091244089675
307,0.009511611416493938,4.403747776807365,0.095508474576271,0.09121826552500001
308,0.008283908868142677,5.329340491632019,0.10388888888888896,0.09121037342500002
309,0.008153895116800319,5.58193778442031,0.10734870317002893,0.09119676205
310,0.008610048386464385,5.575403788215236,0.10294736842105276,0.09118335047500002
311,0.007193150118971699,6.109764872050052,0.11374529012810823,0.09114546340000002
312,0.00643724621195175,7.088824369469467,0.10372448979591845,0.09110742647500002
313,0.008002149050499606,6.069820179333345,0.11199999999999911,0.091079929
314,0.006750319673693618,6.567340186094262,0.10940520446096684,0.09104389007500001
315,0.00848211293729643,6.08662166595459,0.10483333333333346,0.09102445952500003
316,0.008509816359858225,5.9703372794348235,0.1084918793503484,0.09100770130000002
317,0.006914704018682627,6.673952315137794,0.10295336787564771,0.09099211690000002
318,0.008954337657793873,6.4871764753701475,0.10813387423935115,0.09097498404999997
319,0.007414813723218271,5.976572866362285,0.09382113821138188,0.09095959945
320,0.007352652759731722,6.235025800026215,0.10846846846846868,0.090945438625
321,0.006352346833256822,6.3741191177689975,0.11309539260220622,0.09089586324999999
322,0.00673732561463455,6.711158876599006,0.1042641509433965,0.0908507584
323,0.006493174229663882,6.661722634055398,0.10810909090909103,0.09083727189999999
324,0.005731407461417282,6.641083505418566,0.09538461538461529,0.0908274817
325,0.006579170131468952,6.829001581917207,0.1064843750000003,0.090814969225
326,0.005671759481397807,6.875123476706488,0.11121387283236944,0.090788096125
327,0.006558532568445367,7.0400131002197455,0.1105067985166865,0.09075060864999998
328,0.006287011982680395,6.917933496935614,0.1097241379310346,0.09071953974999998
329,0.005225576992841587,7.387284621560198,0.11235246564268321,0.09067778154999999
330,0.007537635136989924,7.271650405051814,0.10856148491879368,0.09063612324999999
331,0.0062613605822214105,7.19645579537349,0.10659203980099523,0.09061531907500002
332,0.004772652354736309,7.320883120809283,0.10902777777777797,0.090592691725
333,0.005591620383460194,7.7464985075026656,0.11252336448598012,0.09055605339999999
334,0.00633887002502548,7.289266955423698,0.11130935251798522,0.09051464485000002
335,0.005068260525736297,7.389662023513548,0.09596774193548374,0.090494190325
336,0.005507455303571381,7.430842330058415,0.11201041666666552,0.090467117425
337,0.0055743337398758384,7.603710686288228,0.09504065040650396,0.09044006950000001
338,0.004514941647842837,7.589901260534922,0.0948333333333332,0.090434000575
339,0.006153608903109112,7.78802376044424,0.09622807017543843,0.09042815642500002
340,0.0064070085892295936,7.693725658675372,0.09415254237288125,0.09042236222500001
341,0.005909360302125457,7.332139943951564,0.1131591263650537,0.090387397225
342,0.005010477481291519,7.355556576938953,0.09525423728813548,0.090352432225
343,0.00546236954458571,7.440139641916311,0.11202546296296184,0.09032790677500004
344,0.005342215828534492,7.558057376690557,0.11263494967977913,0.09027903070000001
345,0.005711451015852358,7.697314182557672,0.10325791855203632,0.09024621355000002
346,0.005610893149706842,7.3248451503213055,0.11215568862275314,0.090215669125
347,0.004834896629917046,7.73096682005125,0.1087871853546913,0.09017973010000001
348,0.005900805385357385,7.817326888289468,0.10950511945392499,0.090154180675
349,0.005151835204507675,7.2877396883503085,0.09604838709677403,0.090136448425
350,0.005472264178060437,7.3919977048640195,0.1099011857707513,0.090120714175
351,0.005941414876513225,7.5093987833854206,0.10916201117318405,0.09009019472500002
352,0.006068082433193922,6.984539270401001,0.09566666666666655,0.09006931562500001
353,0.011148217122536153,6.8398305376370745,0.09549999999999985,0.090063321625
354,0.0053376637172719305,6.9915417339024915,0.11163723916532893,0.09004476520000003
355,0.007238097933508425,6.972013982905059,0.11018907563025236,0.090017317675
356,0.004641310315833896,7.122247508448413,0.09615384615384605,0.09000250750000001
357,0.0053914787273791585,7.387320779555337,0.11090502793296005,0.0899772328
358,0.0048844983181468744,7.588073426718389,0.10875444839857656,0.0899478622
359,0.006828454826142133,7.307008791558537,0.1085432098765435,0.08993072935
360,0.007540158722549677,6.9142569694519045,0.09615999999999986,0.08991749260000001
361,0.005284069304487702,7.1189388427112155,0.11134253450439065,0.08989446565000002
362,0.004535582418437673,7.494172306152052,0.10401913875598094,0.0898693408
363,0.005626704643673913,7.331102297456695,0.1129992737835873,0.08982973045
364,0.005636327556492028,7.334824957662688,0.11231492361927053,0.08977408615000003
365,0.005863756926981245,7.228840156228759,0.11159642401021638,0.089733277
366,0.005685011721281651,7.200819332462682,0.11130128956623601,0.08969241789999999
367,0.0064789255676711436,6.896755646356778,0.1116864608076002,0.089650085275
368,0.005012017877578187,7.591230608202928,0.1101380368098157,0.08961277262499998
369,0.005237093221060412,7.736366664270956,0.1123306772908368,0.08958395147500002
370,0.004562941052757775,7.841679753227667,0.10926136363636382,0.08956262282500001
371,0.00583347113280127,8.078442004827963,0.10684385382059813,0.08954631415
372,0.006827114786574384,7.5259225989381475,0.10302083333333338,0.08953400147500001
373,0.006604652944952249,7.2022906735258285,0.10426415094339626,0.08952258790000002
374,0.005709302947785168,7.330341523832029,0.10477477477477473,0.08951042507500002
375,0.005677814971054562,7.44242299783725,0.10690095846645385,0.08949706345
376,0.0045527357896133205,7.69386251258035,0.11068376068376093,0.08947755797500001
377,0.004630612612612929,7.903185090597938,0.10422794117647072,0.08945907647500001
378,0.006052218220729376,7.736822441987979,0.11093791281373777,0.08943337720000001
379,0.0064171923526613285,7.463195040798927,0.1103410852713177,0.08939836225000002
380,0.005827737916284476,7.486689360454829,0.10530303030303016,0.08937730832500002
381,0.00460969069494038,7.969087332619561,0.11254444444444368,0.08934988577500001
382,0.0046225760794448515,8.094839447423032,0.10988919667590034,0.08931839230000004
383,0.006245532466962432,7.9514671582632115,0.10533678756476662,0.08930455614999999
384,0.004067058649324761,8.026861348490076,0.09740157480314944,0.08929656415000002
385,0.004990615639835596,7.988580276489258,0.09727999999999978,0.08929027045
386,0.00527763550443402,7.94064331335593,0.11082474226804097,0.08927019055000002
387,0.007850161792726075,7.275423350454378,0.09747899159663848,0.08925026050000001
388,0.005095905143016276,7.639445116539963,0.0966386554621847,0.08924431645
389,0.005038754626324303,7.955805602324636,0.11327368421052528,0.08921761817499999
390,0.00741133247386695,7.4599870965500505,0.09512396694214856,0.08919086995000002
391,0.005076966665413893,7.81311155577104,0.11466424682395514,0.089160325525
392,0.004451793536031693,8.004084385329305,0.11042789223454844,0.08911704385000001
393,0.005888259443336194,7.829425160813875,0.11412434325744213,0.08907276317500003
394,0.0063692956464365125,7.989814620372678,0.09661157024793372,0.08904121975
395,0.005612906779709231,7.745507674187607,0.10829192546583857,0.08903015582500001
396,0.005920195314460076,7.645578553126408,0.09823076923076901,0.089018867125
397,0.005110664297980526,7.7905976144594735,0.11151121605666985,0.08899446655000001
398,0.006538763458956964,7.636866631772783,0.10661111111111135,0.08896432172500002
399,0.004177921310403064,7.70916639390539,0.0968852459016392,0.08895228377499999
400,0.0071910901834637345,7.413177229652942,0.107943661971831,0.0889403707
401,0.006512106787735654,7.16961869571355,0.11358790771678551,0.088900111
402,0.005693924989305094,7.400483450866098,0.11290640394088647,0.08885350765
403,0.00692730068425566,7.060461424072713,0.10980456026058634,0.08882296322500001
404,0.006363463480178084,6.976965167404996,0.11161512027491326,0.08878582539999999
405,0.008299951781552501,6.7078587674864245,0.1099033816425121,0.088753682575
406,0.005272258368953651,6.8648091469021795,0.10784530386740339,0.088734301975
407,0.005673585874435034,7.09411719110277,0.09793650793650774,0.088722114175
408,0.005239152797679128,7.152019329830608,0.10504424778761046,0.08871332297500001
409,0.005871595138265495,7.279266914225513,0.10944099378882,0.08869561570000004
410,0.005241824006180373,7.463980123963555,0.10886679920477146,0.08867099035
411,0.006925026938580996,7.237371811226232,0.10952736318407974,0.08864838797499996
412,0.0068951186631585806,7.041329125411638,0.09839694656488528,0.08863507630000002
413,0.00462078049550054,7.164995359162153,0.09635593220338967,0.08862885752500002
414,0.00703282994509209,7.140433136622111,0.09683333333333315,0.088622913475
415,0.005502466486220891,7.2718013397284915,0.1124900793650782,0.088594741675
416,0.005792293396467964,7.419257009294298,0.10533333333333325,0.0885639475
417,0.005311665393977344,7.444003326589036,0.10933045356371499,0.08854676470000002
418,0.006790612876960708,6.994201386980998,0.11242966751918117,0.08851567082499998
419,0.005746030411794827,7.227993191218748,0.1126650660264097,0.08847533620000002
420,0.005330091755151258,7.580107369679891,0.11137724550898086,0.0884336779
421,0.004446554298435028,7.89895750284195,0.09641666666666651,0.088409826775
422,0.00528789861265854,8.031811564655627,0.09593220338983034,0.08840388272500001
423,0.007689432555753457,7.3665234515415365,0.10982412060301516,0.08839099562499998
424,0.006568775006858881,6.952902707670416,0.10908482142857155,0.08836986677500003
425,0.005515679790846766,7.369150927295424,0.11261187214611747,0.08833133035000003
426,0.004800502044963651,7.853564361731212,0.09541666666666651,0.08830098572499999
427,0.005869320843665828,7.768602683626372,0.10898706896551742,0.08828640032500001
428,0.005315626479162992,7.517301962708153,0.11328387734915808,0.08824956219999998
429,0.00453129349977165,8.139702898292725,0.10903381642512101,0.08821397282500001
430,0.004538673577077973,8.312294563880334,0.09692307692307678,0.08820038642500001
431,0.004920891776597479,8.209994894153667,0.10936320754716995,0.08818655027500001
432,0.0058344406992690365,7.779956753301148,0.11241336633663285,0.088155781075
433,0.004127326381097704,7.992605862444384,0.10838283828382847,0.08812803385000002
434,0.00546503044474362,7.885027609449445,0.10772727272727274,0.088112224675
435,0.0057634346040456265,7.63113620301017,0.11180308422301233,0.08808292899999999
